URL,Response,Request Duration
https://twitter.com/Michael1Sheldon/status/1496717647089651716,200,0.5288140773773193
https://twitter.com/ragipsoylu/status/1496737243255480321?s=20&t=teqfp5yPtAKLW8Ri7PMI5g,200,0.4892604351043701
https://twitter.com/FannyFacsar/status/1496787968203231232?s=20&t=Au5uUu8TJjhHwjyynyG4ww,200,0.517183780670166
https://twitter.com/IBN_MOHAMMAD/status/1496778855863963650?s=20&t=Au5uUu8TJjhHwjyynyG4ww,200,0.5192925930023193
https://twitter.com/GayanaYuksel/status/1496831609902968840,200,0.5112357139587402
https://twitter.com/IntelCrab/status/1496840102651256832?s=20&t=vjuzVkVF9AjHtNtCWTtq9Q,200,0.4961819648742676
https://t.me/mariupol/3007,200,0.09660840034484863
https://twitter.com/Caucasuswar/status/1496846910912610309?s=20&t=vjuzVkVF9AjHtNtCWTtq9Q,200,0.5116548538208008
https://t.me/nexta_live/16696,200,0.0462956428527832
https://twitter.com/City_Donetsk/status/1496877801689038859?s=20&t=o76iN01FC_pqK6l4rX_fFQ,200,0.4985377788543701
https://www.facebook.com/story.php?story_fbid=317408247086919&id=100064532388988,200,0.8306810855865479
https://twitter.com/ChristopherJM/status/1497048113504301090?s=20&t=F0--qN8xA_f7DUIGDOmN4w,200,0.5300562381744385
HIDDEN,Invalid URL 'HIDDEN': No scheme supplied. Perhaps you meant http://HIDDEN?,
https://t.me/vorposte/13720,200,0.04294562339782715
https://t.me/vorposte/13723,200,0.0487825870513916
https://twitter.com/UAWeapons/status/1497176385420464133,200,0.5252773761749268
https://t.me/nexta_live/17178,200,0.07627058029174805
https://t.me/Caucasian_bureau/31685,200,0.05057501792907715
https://twitter.com/3TrAmvL026aJRar/status/1497195337089490945?t=tQNd4lD7kqscdr9rDf2ybg&s=19,200,0.5089998245239258
HIDDEN,Invalid URL 'HIDDEN': No scheme supplied. Perhaps you meant http://HIDDEN?,
https://t.me/nexta_live/17220,200,0.05918717384338379
https://t.me/nexta_live/17239,200,0.07029533386230469
HIDDEN,Invalid URL 'HIDDEN': No scheme supplied. Perhaps you meant http://HIDDEN?,
HIDDEN,Invalid URL 'HIDDEN': No scheme supplied. Perhaps you meant http://HIDDEN?,
https://twitter.com/nexta_tv/status/1497240135615791107,200,0.496537446975708
HIDDEN,Invalid URL 'HIDDEN': No scheme supplied. Perhaps you meant http://HIDDEN?,
HIDDEN,Invalid URL 'HIDDEN': No scheme supplied. Perhaps you meant http://HIDDEN?,
https://twitter.com/bbcrussian/status/1497264217317154816,200,0.504122257232666
https://twitter.com/Archer83Able/status/1497266803214532609,200,0.5097379684448242
https://twitter.com/Shrik_E/status/1497275830094942209?s=20&t=BhgLyIwl7YttliBZTDA7LQ,200,0.48980164527893066
https://t.me/hueviykharkov/46384,200,0.06031346321105957
https://www.facebook.com/100075881777013/posts/131589862713739/,200,0.9968936443328857
https://t.me/nm_dnr/6395,200,0.10333395004272461
https://twitter.com/GraniTweet/status/1497149587215298571,200,0.499051570892334
https://t.me/nm_dnr/6409,200,0.05549883842468262
https://twitter.com/2022Kharkiv/status/1498034291577610250?s=20&t=msDldxTbhAxlvqhSCA68ng,200,0.4909324645996094
https://t.me/suspilnenews/14513,200,0.04547262191772461
HIDDEN,Invalid URL 'HIDDEN': No scheme supplied. Perhaps you meant http://HIDDEN?,
https://twitter.com/nexta_tv/status/1497459977350492171?t=uhQX4I33v87Edfo-hKJZBA&s=19,200,0.5030348300933838
https://t.me/nexta_live/17711,200,0.054752349853515625
HIDDEN,Invalid URL 'HIDDEN': No scheme supplied. Perhaps you meant http://HIDDEN?,
HIDDEN,Invalid URL 'HIDDEN': No scheme supplied. Perhaps you meant http://HIDDEN?,
https://twitter.com/michaelh992/status/1497561328092864515?t=-dPHO_fnyf-lbS0U_mNDzg,200,0.4852638244628906
https://twitter.com/YFloropoulos/status/1497691751858982912,200,0.49771976470947266
https://t.me/nexta_live/17951,200,0.0609891414642334
https://twitter.com/KyivIndependent/status/1497616576580780034?t=z-5NBKXokXf9vNgquGhaDQ&s=19,200,0.7012410163879395
https://www.facebook.com/story.php?story_fbid=1388217971693967&id=102113453637765,200,1.4098868370056152
HIDDEN,Invalid URL 'HIDDEN': No scheme supplied. Perhaps you meant http://HIDDEN?,
https://www.instagram.com/tv/Cab70RxFXMU/?utm_source=ig_web_copy_link,200,0.3658912181854248
https://t.me/truexanewsua/24341,200,0.06696653366088867
https://twitter.com/DNR_online_/status/1497495576618934272?s=20&t=gn_00P9gSmU2JkmsNup8Cg,200,0.5141739845275879
https://t.me/nm_dnr/6446,200,0.09536361694335938
https://twitter.com/SputnikATO/status/1497834319569633283,200,0.5227372646331787
https://twitter.com/RALee85/status/1497853526881546241,200,0.5034654140472412
https://twitter.com/ASLuhn/status/1497888600146395136?t=DyIy8aDVfecvTvRQ4D1Nbw&s=19,200,0.5408146381378174
https://t.me/truexanewsua/25194,200,0.06356668472290039
https://twitter.com/Nelson_Serg/status/1497971946235088899?s=20&t=ubdRC07mJZQTFLvJGWoGhA,200,0.5035250186920166
https://twitter.com/Nelson_Serg/status/1497923113593585672,200,0.5058202743530273
https://twitter.com/shaunwalker7/status/1497868180492017664,200,0.5071895122528076
https://twitter.com/whicard5/status/1497932713612959751?s=20&t=xONXT0up_fFJZ4Ur2NHXwA,200,0.5335969924926758
https://t.me/nexta_live/18459,200,0.08081889152526855
https://t.me/c/1348181349/19454,200,0.04842233657836914
https://t.me/truexanewsua/25182,200,0.07577633857727051
HIDDEN,Invalid URL 'HIDDEN': No scheme supplied. Perhaps you meant http://HIDDEN?,
https://t.me/nm_dnr/6480,200,0.043786048889160156
https://t.me/nm_dnr/6486,200,0.04387617111206055
https://twitter.com/2022Kharkiv/status/1498313925498130436?s=20&t=msDldxTbhAxlvqhSCA68ng,200,0.4955148696899414
https://twitter.com/2022Kharkiv/status/1497907864723247106?s=20&t=msDldxTbhAxlvqhSCA68ng,200,0.5440547466278076
https://t.me/nexta_live/18420,200,0.10344862937927246
https://t.me/nexta_live/18417,200,0.054433584213256836
https://t.me/nexta_live/18441,200,0.07804751396179199
https://twitter.com/Osinttechnical/status/1498234139551715329?s=20&t=hPeTGdT6yh4vweQVyZdGVA,200,0.5153090953826904
HIDDEN,Invalid URL 'HIDDEN': No scheme supplied. Perhaps you meant http://HIDDEN?,
https://t.me/voynareal/10903,200,0.07664346694946289
https://twitter.com/RALee85/status/1498244855759355905?s=20&t=zKf3Nb7bCgUn-dgAFPWdRg,200,0.5163254737854004
https://t.me/uniannet/33371,200,0.08942627906799316
HIDDEN,Invalid URL 'HIDDEN': No scheme supplied. Perhaps you meant http://HIDDEN?,
https://t.me/livekharkov/28020,200,0.04790139198303223
https://t.me/truexanewsua/26226,200,0.0908513069152832
https://t.me/WarLife/7715,200,0.04546785354614258
https://www.facebook.com/magomedovandrei/posts/7086923728048526,200,0.799208402633667
https://twitter.com/Yevheniuss/status/1498308560580657152?fbclid=IwAR09eCY1kaEMQPdwuzo5vSK9x58qKsctlEISOGVj40oDbUC3WvKZK0k08hg,200,0.4960927963256836
https://twitter.com/AsamiTerajima/status/1498533891619106816,200,0.514366626739502
https://twitter.com/shcherbininainn/status/1498404775939002380?s=20&t=72-YqqvMgeW2MuyxCEe1yA,200,0.5140159130096436
https://t.me/Tsaplienko/1319,200,0.08304905891418457
https://t.me/ukraina_novosti/17365,200,0.08750343322753906
https://www.instagram.com/accounts/login/?next=/p/CafSvX8K944/,200,0.21173429489135742
https://twitter.com/valentyn_bez/status/1498252248345985028?s=20&t=ZeHICquTiFYu2ZqyhE9uXA,200,0.5876855850219727
https://t.me/nm_dnr/6528,200,0.07767057418823242
https://t.me/truexanewsua/26153,200,0.04711461067199707
https://twitter.com/2022Kharkiv/status/1499115758382723076,200,0.49228596687316895
https://twitter.com/den_hauzer/status/1498218894716243969?s=20&t=hRtj-iz_ibBoXa04UdeipQ,200,0.5125946998596191
https://web.archive.org/web/20220613231815/https://t.me/hueviykharkov/47046,200,2.830923080444336
https://twitter.com/christogrozev/status/1498559231141765120,200,0.5347251892089844
HIDDEN,Invalid URL 'HIDDEN': No scheme supplied. Perhaps you meant http://HIDDEN?,
HIDDEN,Invalid URL 'HIDDEN': No scheme supplied. Perhaps you meant http://HIDDEN?,
https://twitter.com/zloy_odessit/status/1498627544437960710,200,0.5126490592956543
https://twitter.com/hochu_dodomu/status/1498641493522800645,200,0.5155401229858398
https://twitter.com/Elisonext/status/1498654294807035905,200,0.5344798564910889
https://twitter.com/MarQs__/status/1498632893568065541?s=20&t=YezQ6cWqbRHCl9P3C5tHRw,200,0.4916384220123291
https://twitter.com/itsector/status/1498669362789638150,200,0.5163066387176514
https://t.me/hueviykharkov/47292,200,0.10739874839782715
https://t.me/Pravda_Gerashchenko/1220,200,0.07105278968811035
https://www.youtube.com/watch?app=desktop&v=hVgp4yrUIJw,200,0.7021307945251465
https://www.facebook.com/mariupolrada.gov.ua/posts/3177453432580777?__cft__[0]=AZV1dXzA949shp6ZXL3vKIzOeAL5a-CdSeJZzxNWQgEWAmCNHJGT1hONw1oxLR6z6cbbpxDnP7ZpZfG8w1gce_aco-03ng1eFRp_GIPesUXeTlqsugNcUSxKBN8cSdptQNklGTWDOJy2B46-HqfrtUjS&__tn__=%2CO%2CP-R,200,1.0366909503936768
https://twitter.com/ignis_fatum/status/1498816059981238275?s=21,200,0.50543212890625
https://t.me/nm_dnr/6566,200,0.05669999122619629
https://t.me/DNR_SCKK/6376,200,0.05185508728027344
https://t.me/DNR_SCKK/6386,200,0.08252811431884766
https://twitter.com/Fbeyeee/status/1504871878954991616?s=20&t=1S7d5iqKg3EBAR8ysgA5fg,200,0.5146703720092773
https://twitter.com/ChristopherJM/status/1498911842286063616,200,0.5396156311035156
https://t.me/Tsaplienko/1543,200,0.07418513298034668
https://t.me/truexanewsua/27415,200,0.12611174583435059
https://t.me/truexanewsua/27411,200,0.04908561706542969
https://twitter.com/OstapYarysh/status/1498906055534952449?s=20&t=nh-3TluT3CgbI6JJUmXgbQ,200,0.48677968978881836
https://t.me/Doninside/9860,200,0.048635005950927734
https://twitter.com/rescuero/status/1498988051174989832?s=20&t=mywWeVgKyNlqWBLmET-yRg,200,0.5178115367889404
https://twitter.com/Nat_anest/status/1498978704524992516?s=20&t=mywWeVgKyNlqWBLmET-yRg,200,0.5485701560974121
https://twitter.com/michaelh992/status/1498998147636502532?s=20&t=vfj9GwN5xa5SK6ZXZmP2_Q,200,0.503044843673706
https://twitter.com/nexta_tv/status/1498994384880209925,200,0.5267605781555176
https://twitter.com/GirkinGirkin/status/1498999782861377538,200,0.5040390491485596
https://twitter.com/RALee85/status/1499073503902973964?s=20&t=2HKJRUPKmMU0_U7TfV-53A,200,0.5305140018463135
https://t.me/truexanewsua/27910,200,0.07663965225219727
https://t.me/truexanewsua/27889,200,0.0515284538269043
https://twitter.com/bura_tinko/status/1498899746521587713,200,0.5018997192382812
https://t.me/nexta_live/19279,200,0.07524681091308594
https://t.me/hueviykharkov/47710,200,0.046346187591552734
https://twitter.com/YWNReporter/status/1499330481728499719,200,0.5075950622558594
https://www.facebook.com/sergey.gaidai.loga/posts/133329415873117,200,1.4721400737762451
https://twitter.com/OsintTv/status/1499326903941050370,200,0.5065169334411621
HIDDEN,Invalid URL 'HIDDEN': No scheme supplied. Perhaps you meant http://HIDDEN?,
https://t.me/uniannet/34755,200,0.06548261642456055
https://twitter.com/KyleJGlen/status/1499336508364492801,200,0.4940197467803955
https://twitter.com/mariabarabash/status/1499372340412620801?s=20&t=u-LTUYYFyPOmbH1B2qNY6w,200,0.48948192596435547
https://twitter.com/EmmettLesterSan/status/1499444045164138501?s=20&t=tobBaKGYkLF2Br2cClyorw,200,0.4919712543487549
https://t.me/truexanewsua/28905,200,0.07771515846252441
https://t.me/truexanewsua/27647,200,0.08968234062194824
https://t.me/truexanewsua/35644,200,0.06489825248718262
https://t.me/truexanewsua/28705,200,0.08590245246887207
https://t.me/suspilnenews/7092,200,0.05122804641723633
https://t.me/suspilnenews/7037,200,0.05587601661682129
https://twitter.com/SputnikATO/status/1499719758652088320,200,0.5076367855072021
HIDDEN,Invalid URL 'HIDDEN': No scheme supplied. Perhaps you meant http://HIDDEN?,
https://www.facebook.com/MNS.GOV.UA/posts/326078186226744,200,0.2309882640838623
https://twitter.com/no_itsmyturn/status/1499655936918671360?s=20&t=jGA8xiOIjP1NQENkftSPZQ,200,0.5243916511535645
https://twitter.com/GirkinGirkin/status/1499655677203128321?s=20&t=2n52Zjxi_VKRUXIWNBmWPg,200,0.5141458511352539
https://twitter.com/MarQs__/status/1499696196016820228?s=20&t=yQKJ65UQuiOZeeIkorHogw,200,0.5303020477294922
HIDDEN,Invalid URL 'HIDDEN': No scheme supplied. Perhaps you meant http://HIDDEN?,
https://www.facebook.com/photo?fbid=7095376223837245&set=pcb.7095377023837165,200,0.26532673835754395
https://t.me/truexanewsua/29409,200,0.09456253051757812
https://t.me/truexanewsua/29432,200,0.08469796180725098
https://t.me/truexanewsua/29313,200,0.058138132095336914
https://t.me/truexanewsua/29393,200,0.0865175724029541
https://t.me/truexanewsua/29481,200,0.0996558666229248
https://t.me/voyna_novost/18307,200,0.04879188537597656
https://twitter.com/dtcdonetskua/status/1500136681508376589,200,0.5057451725006104
https://twitter.com/HromadskeRadio/status/1500194946917273601/photo/3,200,0.4891541004180908
https://t.me/truexanewsua/29344,200,0.07057023048400879
https://t.me/truexanewsua/38754,200,0.0392458438873291
https://t.me/Info_Izyum/402,200,0.0402827262878418
https://twitter.com/police_kyiv_obl/status/1500029178443448324?s=20&t=w5AvDOyFJZ_Dd-tDKq5xPA,200,0.5377721786499023
https://t.me/Pravda_Gerashchenko/2163,200,0.07763195037841797
https://t.me/Pravda_Gerashchenko/2171,200,0.043766021728515625
https://t.me/hueviykharkov/48463,200,0.07803869247436523
https://twitter.com/verkhovna_rada/status/1500112907857805314?s=20&t=GqTOFHa6gHfWQzs02eGxSQ,200,0.49996018409729004
https://twitter.com/AlexandruC4/status/1500145959375884289,200,0.5375299453735352
https://t.me/Novoeizdanie/6895,200,0.08748531341552734
https://t.me/truexanewsua/29944,200,0.06261324882507324
https://twitter.com/BackAndAlive/status/1500447665024348168?s=20&t=3LvW9DVNBIIQR8JNJRAflw,200,0.5309667587280273
https://twitter.com/aliev_aliev/status/1500434615542161411,200,0.49842381477355957
https://twitter.com/no_itsmyturn/status/1500465245210525696,200,0.5015006065368652
https://twitter.com/KyleJGlen/status/1500432948390158338,200,0.5033986568450928
https://t.me/Pravda_Gerashchenko/2218,200,0.04635810852050781
https://t.me/nexta_live/20114,200,0.05902361869812012
https://t.me/nexta_live/20188,200,0.057193756103515625
https://t.me/c/1248149892/8151,200,0.04496049880981445
https://t.me/truexanewsua/30188,200,0.0812990665435791
https://t.me/truexanewsua/30200,200,0.05563688278198242
https://www.facebook.com/vladmoroko/posts/4791700574200793,200,0.30658721923828125
https://t.me/nm_dnr/6763,200,0.049515724182128906
https://t.me/nm_dnr/6772,200,0.05646157264709473
https://t.me/nm_dnr/6778,200,0.05836939811706543
https://t.me/DNR_SCKK/6564,200,0.08072519302368164
https://t.me/nexta_live/20243,200,0.04946637153625488
https://t.me/Pravda_Gerashchenko/2356,200,0.05476689338684082
https://t.me/Pravda_Gerashchenko/2384?single,200,0.08639860153198242
https://t.me/uniannet/35981,200,0.052779436111450195
https://t.me/uniannet/36001,200,0.051664113998413086
https://t.me/vorposte/15395,200,0.04282569885253906
https://twitter.com/michaelh992/status/1500850363301343240,200,0.4996335506439209
https://t.me/operativnoZSU/11814,200,0.07085204124450684
https://t.me/truexanewsua/30534,200,0.050261735916137695
https://t.me/suspilnemykolaiv/4748,200,0.07231450080871582
https://t.me/nexta_live/20560,200,0.05833005905151367
https://twitter.com/KyivIndependent/status/1501218105342763020,200,0.49619054794311523
https://t.me/medvedev_note/3740,200,0.0728602409362793
https://twitter.com/SputnikATO/status/1500805645485985794,200,0.5081653594970703
https://twitter.com/GirkinGirkin/status/1500804490106179589?s=20&t=RPU0dUCUzl58CQX8cvVI8A,200,0.5013322830200195
https://twitter.com/no_itsmyturn/status/1500833207348232192?s=20&t=8l6tS51JwKJ6JsNLeL83gw,200,0.4938054084777832
HIDDEN,Invalid URL 'HIDDEN': No scheme supplied. Perhaps you meant http://HIDDEN?,
https://twitter.com/go2the5dogs/status/1500704991794896902?s=20&t=dmTcxuojEGAcHlUjiFe1WQ,200,0.49840688705444336
https://twitter.com/GirkinGirkin/status/1501218905158828035?s=20&t=DdGTSpGKddbJrrB9lxFJdw,200,0.48653316497802734
https://twitter.com/GirkinGirkin/status/1501422413485154306?cxt=HHwWhIC92d3uj9YpAAAA,200,0.5617074966430664
https://twitter.com/SputnikATO/status/1501184212203941897,200,0.5033197402954102
https://twitter.com/buch10_04/status/1501229036403507206?s=20&t=HIx5AnhcU81_BnyKsWT7Rw,200,0.5195958614349365
https://www.facebook.com/photo/?fbid=265785982396900&set=pcb.265788295730002,200,0.2925221920013428
https://twitter.com/muyixiao/status/1501363027765080070?s=20&t=avoe3LwegVeGJ3q4qShUzw,200,0.5114128589630127
https://twitter.com/EmineDzheppar/status/1501553563528540172?s=20&t=qwvZoLqRXce2VC0cAkVOog,200,0.5590786933898926
https://www.facebook.com/permalink.php?story_fbid=5289271027772692&id=100000695401534,200,1.5225770473480225
https://t.me/truexanewsua/31173,200,0.09154224395751953
https://twitter.com/_tredecim_/status/1501448809003507712?s=20&t=n0e7DjsQ2_x1CaVdbyqnXw,200,0.5036537647247314
https://twitter.com/SputnikATO/status/1501570825803161610?s=20&t=qwvZoLqRXce2VC0cAkVOog,200,0.5136170387268066
https://twitter.com/GirkinGirkin/status/1501574204868677635,200,0.5206220149993896
https://twitter.com/SputnikATO/status/1501576405733236745?s=20&t=n0e7DjsQ2_x1CaVdbyqnXw,200,0.5300862789154053
https://twitter.com/leonidragozin/status/1501590915521122306,200,0.5002040863037109
https://twitter.com/ABC/status/1501592163808907266?s=20&t=hJr7WNSlDtlwzEZh3Zf3XQ,200,0.508490800857544
https://twitter.com/GirkinGirkin/status/1501510292534136834,200,0.5199921131134033
https://twitter.com/EuromaidanPress/status/1501705314407694347,200,0.4869718551635742
https://www.youtube.com/watch?v=Jn9k6f0t_64,200,0.40400028228759766
https://t.me/nm_dnr/6834,200,0.05434846878051758
https://t.me/huyovy_kharkiv/102824,200,0.0635683536529541
https://twitter.com/michaelh992/status/1501908509973258245,200,0.5056660175323486
https://twitter.com/GraniTweet/status/1501862023365283847?s=20&t=CdzfePXFCSS8NnmIEIQg9g,200,0.5018599033355713
https://twitter.com/rescuero/status/1501915834310086661,200,0.5776557922363281
https://t.me/u_now/27122,200,0.11003470420837402
https://t.me/u_now/27236,200,0.1038818359375
https://t.me/dsns_telegram/4617,200,0.08690524101257324
https://t.me/dnepr_operativ/10369,200,0.07176065444946289
https://www.facebook.com/watch/?v=1260719317785495,200,0.42388033866882324
https://www.facebook.com/maxim.beznosenko/posts/2461092784035403,200,0.35018181800842285
https://twitter.com/stefsiohan/status/1503379177784987656,200,0.5174462795257568
https://www.facebook.com/popasnaya.city/posts/1017893575751691,200,0.36797595024108887
https://www.facebook.com/MNS.GOV.UA/posts/pfbid0uQzsyChSSLeRQhtKKJSpNK69bB2SEM4f7gweoRpJYuMsYqG9FLcGC3QNEHKuPweNl,200,0.3661167621612549
https://twitter.com/AKurkov/status/1516710977911377926,200,0.5123915672302246
https://t.me/suspilnemykolaiv/17812,200,0.06076526641845703
https://www.facebook.com/MNS.GOV.UA/posts/331070479060848,200,0.3210737705230713
https://twitter.com/loogunda/status/1502585247640309760?s=20&t=jT-b2hp-FxGo9s9ct6Ga8g,200,0.5223143100738525
HIDDEN,Invalid URL 'HIDDEN': No scheme supplied. Perhaps you meant http://HIDDEN?,
https://twitter.com/lindseyhilsum/status/1502613502065848321?s=20&t=Dl02Ogchdk8RYj2tlrsbFQ,200,0.4973163604736328
https://twitter.com/KyleJGlen/status/1502689543178395650?s=20&t=tgnwqMI34XF_GiiHiuKVuQ,200,0.4968113899230957
https://twitter.com/markito0171/status/1502669866993692677,200,0.5446500778198242
https://www.facebook.com/photo?fbid=10225094575784089&set=pcb.10225094577544133,200,0.19508814811706543
https://twitter.com/TpyxaNews/status/1502592202349940740,200,0.525439977645874
https://twitter.com/UjenGoodman/status/1502922815204380675,200,0.49120473861694336
https://twitter.com/Militarylandnet/status/1502991282364469248?s=20,200,0.5018355846405029
https://twitter.com/obretix/status/1503137337538232325?s=20&t=KUeRKbCXvjOTrXOkPgFGpA,200,0.8348109722137451
https://twitter.com/RALee85/status/1503148884180226068?s=20&t=NdK8Cs1v6_CVmDaZBD1JsA,200,0.5219953060150146
https://twitter.com/marksnoeck/status/1509461735824146433?s=20&t=gMZhDR5MpcMjEDvYsYArJQ,200,0.5298981666564941
https://twitter.com/ASLuhn/status/1503263497790050311?s=20&t=fYehdoSMgf5oVwTeoUIcMA,200,0.506868839263916
https://twitter.com/ValettaOSH/status/1503224659797590018?s=20&t=G7Ccda7b-eQAwDTF-QcaWw,200,0.5170490741729736
https://twitter.com/leonidragozin/status/1503289612692819973?s=20&t=wbi7QvFNFfgmxt8ekzHdOg,200,0.5163109302520752
https://twitter.com/SDyorin/status/1503258241274417154,200,0.5272133350372314
https://twitter.com/PLnewstoday/status/1503321952160780288?t=i2yQxqu0sq5KZ67EDVw6Yw&s=19,200,0.5213325023651123
https://twitter.com/SputnikATO/status/1503326760187924483?s=20&t=BEq7Sc7iIl1s1p9qk_OJNQ,200,0.5290288925170898
https://twitter.com/Nat_anest/status/1503302440447365122?s=20&t=kB-FoHDLpnub6f2mh6_OtA,200,0.5144870281219482
https://twitter.com/olliecarroll/status/1503370738467758081,200,0.5036735534667969
https://t.me/truexanewsua/33229,200,0.043752193450927734
https://t.me/truexanewsua/33214,200,0.0710139274597168
https://t.me/truexanewsua/33232,200,0.1003119945526123
https://twitter.com/wammezz/status/1504787102923436049/photo/1,200,0.5015513896942139
https://twitter.com/realidad_int/status/1503376087589408769?s=20&t=VEjBn5xsM3Ig3JS-_1DcSA,200,0.48482799530029297
https://twitter.com/Fibrik_Oficial/status/1503457947694907403,200,0.5022358894348145
https://twitter.com/marksnoeck/status/1503826296773746694,200,0.4962770938873291
https://twitter.com/ronzheimer/status/1503618378149339138,200,0.5022530555725098
https://twitter.com/OzKaterji/status/1503676489245638657?s=20&t=GyK20z7Kj_Tn7KyWLK_9qg,200,0.5258502960205078
https://twitter.com/GirkinGirkin/status/1503676908873175043?s=20&t=j4o6f9R1OjUb2bidbFQZqA,200,0.5102338790893555
https://t.me/truexanewsua/33345,200,0.07181310653686523
https://twitter.com/no_itsmyturn/status/1503995250204942337?s=20&t=YiployIBMtwNtUGKGONQUw,200,0.4887807369232178
https://t.me/truexanewsua/33610,200,0.06984925270080566
https://t.me/mariupolnow/2631,200,0.07126927375793457
https://twitter.com/Nrg8000/status/1504389481348370434?s=20&t=EtHNKWCoIQoKnzZwrnYxYQ,200,0.4998791217803955
https://t.me/suspilnechernihiv/7320,200,0.051896095275878906
https://twitter.com/no_itsmyturn/status/1504043831716724739,200,0.5012333393096924
https://twitter.com/DNR_online_/status/1503977488111788034?s=20&t=iAf5oLmSmhMjJf1mEU3XNA,200,0.5041055679321289
https://twitter.com/aldin_ww/status/1504033667101962246?s=20&t=gEshnspQAhVnMFxvrHAX-g,200,0.5004899501800537
https://twitter.com/ZloyAtoshnik/status/1504013753469263874,200,0.5120651721954346
https://twitter.com/tincazzi/status/1504449807196295168?s=20&t=TmvTFhqAE3YwJ_ggUARKSg,200,0.5606155395507812
https://www.facebook.com/pgo.gov.ua/posts/332485412247632,200,0.343019962310791
https://www.youtube.com/watch?v=RbLwK6ZKrEI,200,0.6106150150299072
https://twitter.com/DNR_online_/status/1504059981871693829?s=20&t=iAf5oLmSmhMjJf1mEU3XNA,200,0.5325193405151367
https://t.me/truexanewsua/33881,200,0.06934523582458496
https://t.me/truexanewsua/33862,200,0.049277544021606445
https://twitter.com/michaelh992/status/1504720686039851009?s=20&t=B0KQtVbiAtUyNidZX-jVRg,200,0.49979519844055176
https://t.me/kharkiv_1654/31204,200,0.07527971267700195
https://twitter.com/anadoluagency/status/1504829361844797454?s=20&t=vCENPIIlOhKWCFzRVflYow,200,0.6011090278625488
https://t.me/DNR_SCKK/6922,200,0.09918498992919922
https://t.me/DNR_SCKK/6911,200,0.057474613189697266
https://t.me/truexanewsua/34367,200,0.068939208984375
https://t.me/truexanewsua/34420,200,0.06624412536621094
https://twitter.com/Osinttechnical/status/1504959462746038274,200,0.5028769969940186
https://twitter.com/wammezz/status/1505517360567959552?s=20&t=buzbIxDYt1cfJtXv7VJ2Pw,200,0.505293607711792
https://t.me/nm_dnr/7112,200,0.08143973350524902
HIDDEN,Invalid URL 'HIDDEN': No scheme supplied. Perhaps you meant http://HIDDEN?,
https://t.me/mariupolnow/3068?single,200,0.05659961700439453
https://t.me/mariupolnow/3066,200,0.06105661392211914
https://twitter.com/TWMCLtd/status/1505593463953317896,200,0.5010559558868408
https://twitter.com/MarQs__/status/1505661285282811908?s=20&t=QdviWL15GkteDDvnFh7j3g,200,0.525101900100708
https://www.facebook.com/ICHDRR/posts/435822061674482,200,0.4261491298675537
https://t.me/DNR_SCKK/6990,200,0.06875896453857422
https://twitter.com/no_itsmyturn/status/1505488383736532993,200,0.518179178237915
https://t.me/hueviyherson/14792,200,0.05852222442626953
https://twitter.com/nexta_tv/status/1505790655578218497?s=20&t=o_0riHUsO0LEPeKBddbUdQ,200,0.5022749900817871
https://t.me/novostiniko1/12112,200,0.042089223861694336
https://t.me/mariupolnow/3183,200,0.09587430953979492
https://twitter.com/SputnikATO/status/1505857621823217667?s=20&t=rurX4HYfa-KCOT-JBBzT7w,200,0.4903709888458252
HIDDEN,Invalid URL 'HIDDEN': No scheme supplied. Perhaps you meant http://HIDDEN?,
HIDDEN,Invalid URL 'HIDDEN': No scheme supplied. Perhaps you meant http://HIDDEN?,
https://t.me/mariupolnow/3237?single,200,0.07419371604919434
https://www.facebook.com/UA.National.Police/posts/294699199466784,200,0.22984099388122559
https://twitter.com/SputnikATO/status/1506585665840033808?s=20&t=A7_3X_LAcuF-Dnw53y1m_w,200,0.49961185455322266
https://t.me/truexanewsua/35325,200,0.06657075881958008
https://t.me/mariupolnow/3337,200,0.07810521125793457
https://t.me/mariupolnow/3329,200,0.0632164478302002
https://t.me/mariupolnow/3345,200,0.060376644134521484
https://t.me/mariupolnow/3371,200,0.057852983474731445
HIDDEN,Invalid URL 'HIDDEN': No scheme supplied. Perhaps you meant http://HIDDEN?,
https://t.me/uniannet/40484,200,0.06377887725830078
https://t.me/Pravda_Gerashchenko/6812,200,0.04926776885986328
https://t.me/mariupolnow/3380,200,0.0650475025177002
https://t.me/mariupolnow/3386,200,0.08403849601745605
https://t.me/mariupolnow/3396,200,0.09260821342468262
https://twitter.com/SaadAbedine/status/1506238896639823876?s=20&t=VB346IcOmnY_M0QwLcGWjA,200,0.5324108600616455
https://t.me/truexanewsua/35430,200,0.07316112518310547
https://t.me/truexanewsua/35671,200,0.05196833610534668
https://twitter.com/MaximEristavi/status/1506177620270006277?s=20&t=Y53qZryAKa7xFotREFpH9A,200,0.4952883720397949
https://t.me/grey_zone/13282,200,0.07467460632324219
https://twitter.com/COUPSURE/status/1496164131833102348,200,0.5208945274353027
https://twitter.com/michaelh992/status/1496082009088794625,200,0.5040345191955566
https://twitter.com/RohitKachrooITV/status/1506702632253022213,200,0.5275654792785645
https://t.me/truexanewsua/35618,200,0.0914163589477539
https://t.me/truexanewsua/35663,200,0.08846402168273926
https://twitter.com/Militarylandnet/status/1506587272292020224,200,0.5495920181274414
https://t.me/nexta_live/23022,200,0.08804678916931152
https://t.me/informatsia_obstanovka/8518,200,0.08508110046386719
https://t.me/mykolaivskaoblrada/525,200,0.07178258895874023
HIDDEN,Invalid URL 'HIDDEN': No scheme supplied. Perhaps you meant http://HIDDEN?,
https://t.me/informatsia_obstanovka/8810,200,0.1030435562133789
https://www.facebook.com/ICHDRR/posts/437602418163113?__cft__[0]=AZVdQ79s23VYSS0fnZlUSkXErd8Ns8ZfPHQsdLv0jKwjlTglZxX6_pkl8KL8skhO4b-9Os8-g22EpB7ERXhgpwjTdh1bZYHZNd-Cb9ZRf1-4j2-fl5T08NNqZ8cMUSQx7AX-qYvG220h5CpToR9-Vb1D&__tn__=%2CO%2CP-R,200,0.403214693069458
https://t.me/DNR_SCKK/7085,200,0.09150266647338867
https://t.me/kievreal1/15292,200,0.16804718971252441
https://t.me/nexta_live/23217,200,0.07883691787719727
https://twitter.com/EmineDzheppar/status/1506961395526549505?t=Pup1pd427NdwH9Dpe1jQTw&s=1,200,0.5502264499664307
https://www.facebook.com/UA.National.Police/posts/296582655945105,200,0.25046491622924805
https://t.me/truexanewsua/36269,200,0.07948136329650879
https://t.me/truexanewsua/36172,200,0.09986639022827148
https://t.me/truexanewsua/36452,200,0.125138521194458
https://www.facebook.com/permalink.php?story_fbid=5316355788396715&id=948846185147719,200,0.9930310249328613
https://t.me/truexanewsua/36138,200,0.09235620498657227
https://t.me/truexanewsua/36247,200,0.0923612117767334
https://t.me/truexanewsua/36653,200,0.10735607147216797
https://t.me/Army_Russia/17574,200,0.08638143539428711
https://t.me/DNR_SCKK/7150,200,0.07977843284606934
https://t.me/svyatonline/75610,200,0.10521626472473145
https://t.me/milinfolive/79683,200,0.0837399959564209
https://twitter.com/MarQs__/status/1507736705855594500,200,0.5422096252441406
https://www.instagram.com/stories/xomkaaaaaaaa/2802424229732137717/?utm_source=ig_story_item_share&utm_medium=share_sheet,200,0.3589348793029785
https://t.me/truexanewsua/36762,200,0.09244060516357422
https://t.me/truexanewsua/37065,200,0.09489178657531738
https://www.facebook.com/ICHDRR/posts/440652721191416,200,0.39017200469970703
https://t.me/truexanewsua/37344,200,0.1596677303314209
https://twitter.com/Liveuamap/status/1508707259945205764,200,0.5307934284210205
HIDDEN,Invalid URL 'HIDDEN': No scheme supplied. Perhaps you meant http://HIDDEN?,
https://t.me/informatsia_obstanovka/10575,200,0.08162808418273926
https://t.me/uniannet/42436,200,0.07850909233093262
https://t.me/UA_struggle/585,200,0.09333443641662598
https://t.me/mariupolnow/4316,200,0.14102816581726074
https://t.me/mariupolnow/4292,200,0.09893441200256348
https://t.me/KharkivPolitics/7644,200,0.13121747970581055
https://twitter.com/spook_info/status/1508869639333363727,200,0.5575220584869385
https://twitter.com/EuromaidanPress/status/1509083244733603844/photo/1,200,0.5271322727203369
https://t.me/luhanskaVTSA/986,200,0.08200407028198242
https://twitter.com/hochu_dodomu/status/1509027362196893703,200,0.5087859630584717
https://twitter.com/rshereme/status/1509209818510372868,200,0.5254619121551514
https://twitter.com/BowenBBC/status/1509179804653871111?s=20&t=Z3CL8vShYxg-lGAgU9WsGA,200,0.5216102600097656
https://t.me/informatsia_obstanovka/11087,200,0.08967375755310059
https://twitter.com/jon96179496/status/1509263141292679179,200,0.5399718284606934
https://t.me/kharkivlife/32857,200,0.0848388671875
https://twitter.com/olex_scherba/status/1509430918024503299?s=20&t=muv1C3AVf7bUBVI_pyHClw,200,0.5189652442932129
https://twitter.com/ThomasVLinge/status/1509471996974927874?s=20&t=8hxDnuSq5eIXB9-E-DA29w,200,0.5317749977111816
https://twitter.com/expatua/status/1509554530983325710?s=20&t=iTQYb3ec4WmkQknh1ogcxw,200,0.5454885959625244
https://t.me/nm_dnr/7357,200,0.08111190795898438
https://t.me/mariupolnow/4721,200,0.08939051628112793
https://www.facebook.com/photo/?fbid=443136060943082&set=pcb.443136594276362,200,0.31986117362976074
https://twitter.com/J_B_E__Zorg/status/1510005388950876168?s=20&t=prSUWoFEAR6yU4M0RBE4Pg,200,0.5301079750061035
https://twitter.com/Osinttechnical/status/1510374639566000128,200,0.5338542461395264
https://twitter.com/markito0171/status/1510183355098312705,200,0.5046482086181641
https://twitter.com/sgorlovki/status/1510290684233850883?s=20&t=tTqTVUjwujE1LRyIqCiFVA,200,0.5171465873718262
https://t.me/c/1210003725/10692,200,0.0860147476196289
https://twitter.com/no_itsmyturn/status/1510167989240410113,200,0.5395262241363525
https://twitter.com/EuromaidanPress/status/1510509829051363330?s=20&t=ZGZzQYrZL_dLWzIlmr87cg,200,0.5163021087646484
https://twitter.com/michaelh992/status/1510610020622340101?s=20&t=wL_r3aYjyl_qkrhaz0GJ1g,200,0.512310266494751
https://twitter.com/olliecarroll/status/1510623861779349507?s=20&t=vibQREFw6UQvss-twzq0NQ,200,0.498760461807251
https://t.me/dvish_alive/11766,200,0.05603671073913574
https://twitter.com/ua_industrial/status/1510665056912125958,200,0.4939708709716797
https://twitter.com/MSF_Ukraine/status/1511376014278115331,200,0.5045902729034424
https://twitter.com/wammezz/status/1511561770376339458?s=20&t=-qlHoDWjd2cuoj3_Fa5O7w,200,0.5409417152404785
https://twitter.com/maria_avdv/status/1510923231028563975?s=20&t=lcnhTDcuyR75o3WjbpolKw,200,0.5409421920776367
https://twitter.com/revishvilig/status/1510903077741674498?s=20&t=KEQ-pXHRQYNQyrCtIZlVEw,200,0.5541963577270508
https://t.me/novostiniko1/13718,200,0.08115172386169434
https://t.me/novostiniko1/13658?single,200,0.11047053337097168
https://t.me/suspilnemykolaiv/7256,200,0.08548116683959961
https://t.me/truexanewsua/39688,200,0.1086881160736084
https://t.me/informnapalm/6248,200,0.07753324508666992
https://t.me/truexanewsua/39174,200,0.06276702880859375
HIDDEN,Invalid URL 'HIDDEN': No scheme supplied. Perhaps you meant http://HIDDEN?,
https://t.me/mariupolnow/5226,200,0.08901500701904297
https://t.me/mariupolnow/5234,200,0.10816764831542969
https://t.me/mariupolnow/5267,200,0.08499360084533691
https://t.me/mariupolnow/5299,200,0.10701537132263184
https://twitter.com/Osinttechnical/status/1511365066666487815,200,0.5495805740356445
HIDDEN,Invalid URL 'HIDDEN': No scheme supplied. Perhaps you meant http://HIDDEN?,
https://twitter.com/ukr_insider/status/1511083563613048835,200,0.5385124683380127
https://twitter.com/antiputler_news/status/1511205138152706050,200,0.5799906253814697
https://twitter.com/EuromaidanPress/status/1511267310715256837,200,0.5512473583221436
https://twitter.com/obretix/status/1511419307485544450?s=20&t=S_mxYlL_JoUGjITI5wqIRg,200,0.5537493228912354
https://t.me/novostiniko1/13858,200,0.09194111824035645
https://t.me/kharkivlife/33989,200,0.10565423965454102
https://t.me/novostiniko1/13666,200,0.09945154190063477
https://twitter.com/no_itsmyturn/status/1511658279952334848,200,0.5237667560577393
https://twitter.com/GirkinGirkin/status/1511642331035979779,200,0.5625228881835938
https://twitter.com/MarQs__/status/1511655061373521920,200,0.5690841674804688
https://www.facebook.com/photo?fbid=520095253006367&set=a.464541728561720,200,0.23149681091308594
https://twitter.com/nexta_tv/status/1511731997537980420,200,0.5682480335235596
https://twitter.com/JoyceKohTV/status/1511664147452203016,200,0.550832986831665
https://twitter.com/wammezz/status/1513261569890738182?s=20&t=kd79TM0CKfBEc-JS05s1sw,200,0.5645031929016113
https://www.facebook.com/groups/1001617733664707/posts/1295456684280809/,200,0.23096442222595215
https://twitter.com/RALee85/status/1513812539024580612,200,0.5446445941925049
https://twitter.com/sergusy/status/1513175957456269314,200,0.5429139137268066
https://t.me/truexanewsua/40159,200,0.10382676124572754
https://t.me/tpxanews/740,200,0.1040797233581543
https://twitter.com/CurrentTimeTv/status/1513559140551041027?s=20&t=W1R99b0Nl_TCxSAkqFEcoQ,200,0.5162546634674072
https://twitter.com/antiputler_news/status/1513547930837393410?s=20&t=nIpaLF7f3s9y4rRnIxPVAQ,200,0.5534911155700684
https://twitter.com/Lyla_lilas/status/1513586422908915719,200,0.5079560279846191
https://twitter.com/loogunda/status/1513869046776836108,200,0.5501711368560791
https://t.me/Pravda_Gerashchenko/11906,200,0.08435678482055664
https://t.me/informatsia_obstanovka/15032,200,0.1087961196899414
https://t.me/truexanewsua/40707,200,0.10749173164367676
https://t.me/informatsia_obstanovka/15150,200,0.12245559692382812
https://t.me/truexanewsua/40769,200,0.11575031280517578
https://twitter.com/truth_about_war/status/1513771049648861185,200,0.5654175281524658
HIDDEN,Invalid URL 'HIDDEN': No scheme supplied. Perhaps you meant http://HIDDEN?,
https://twitter.com/UATV_en/status/1513852175402864641,200,0.5298466682434082
https://twitter.com/Pavlo_Kyrylenko/status/1514186374706081795?s=20&t=dUFSqn5oHpErT42soZWx1AA,200,0.5446145534515381
https://t.me/mariupol/5247,200,0.08180451393127441
https://t.me/nexta_live/25612,200,0.06161332130432129
https://twitter.com/marksnoeck/status/1514574441950466051,200,0.5474250316619873
https://twitter.com/ICTV_Fakty/status/1514915058224140291,200,0.569411039352417
https://twitter.com/KyleJGlen/status/1515003899979214856?s=20&t=SZn8NIYRGwjxSjlEyCXZBA,200,0.5476632118225098
https://twitter.com/SarahAshtonLV/status/1514979180773089281,200,0.603341817855835
https://t.me/truexanewsua/41500,200,0.0781705379486084
https://t.me/truexanewsua/41461,200,0.08392858505249023
https://www.facebook.com/UA.National.Police.Nikolaev/posts/287752640215726,200,0.5363693237304688
https://www.facebook.com/DSNSMYKOL/posts/289978206644344,200,0.4699826240539551
https://twitter.com/NPUMykolaiv/status/1515255054239997955?s=20&t=jsZxzj3aDTCopGD7MlsKtw,200,0.5535006523132324
https://t.me/hyevuy_dnepr/24856,200,0.0676581859588623
https://twitter.com/AlexKhrebet/status/1515682281381412864,200,0.5420219898223877
https://t.me/truexanewsua/41896,200,0.1109166145324707
HIDDEN,Invalid URL 'HIDDEN': No scheme supplied. Perhaps you meant http://HIDDEN?,
https://t.me/truexanewsua/41907,200,0.09734702110290527
https://t.me/uniannet/47948,200,0.09991002082824707
HIDDEN,Invalid URL 'HIDDEN': No scheme supplied. Perhaps you meant http://HIDDEN?,
https://t.me/vorposte/19332,200,0.09245014190673828
https://t.me/uniannet/48180,200,0.06687283515930176
https://t.me/uniannet/48184?single,200,0.07489514350891113
https://t.me/uniannet/48158,200,0.09980249404907227
https://t.me/uniannet/48149,200,0.10923647880554199
https://t.me/uniannet/48120,200,0.10413336753845215
https://t.me/truexanewsua/42408,200,0.08547043800354004
https://t.me/truexanewsua/42403,200,0.1026010513305664
https://t.me/mariupolnow/7119,200,0.10786604881286621
HIDDEN,Invalid URL 'HIDDEN': No scheme supplied. Perhaps you meant http://HIDDEN?,
https://twitter.com/TpyxaNews/status/1516659728146857986,200,0.5354886054992676
https://twitter.com/dpatrikarakos/status/1516716754994700294?s=20&t=ZO61dIYr4pT0DlFAw_cSwg,200,0.564932107925415
https://twitter.com/hugeglassofmilk/status/1517075614137823232,200,0.565598726272583
https://t.me/mariupolnow/7273,200,0.09882330894470215
https://t.me/c/1347456995/44993,200,0.050145626068115234
https://t.me/truexanewsua/42868,200,0.10005450248718262
https://t.me/mariupolnow/10227,200,0.108551025390625
https://t.me/v_variant/8481,200,0.10384821891784668
https://www.facebook.com/watch/?v=499662101888076,200,0.539663553237915
HIDDEN,Invalid URL 'HIDDEN': No scheme supplied. Perhaps you meant http://HIDDEN?,
HIDDEN,Invalid URL 'HIDDEN': No scheme supplied. Perhaps you meant http://HIDDEN?,
https://twitter.com/JmD2169071/status/1518282497338998784,200,0.6522932052612305
https://t.me/truexanewsua/48200,200,0.09842801094055176
https://twitter.com/UN_Agency/status/1518622431832850435,200,0.5104124546051025
HIDDEN,Invalid URL 'HIDDEN': No scheme supplied. Perhaps you meant http://HIDDEN?,
https://t.me/mariupolnow/7945,200,0.09781336784362793
https://t.me/truexanewsua/48257,200,0.08541703224182129
https://t.me/novostiniko/15742,200,0.09965324401855469
https://t.me/mariupolnow/7969,200,0.08286070823669434
HIDDEN,Invalid URL 'HIDDEN': No scheme supplied. Perhaps you meant http://HIDDEN?,
https://t.me/truexanewsua/43769,200,0.09988045692443848
https://t.me/mariupolnow/8150,200,0.12287139892578125
https://t.me/informnapalm/7887,200,0.09952116012573242
https://t.me/truexanewsua/43759,200,0.12361931800842285
https://t.me/hueviyherson/17655,200,0.0834348201751709
HIDDEN,Invalid URL 'HIDDEN': No scheme supplied. Perhaps you meant http://HIDDEN?,
https://t.me/hueviykharkov/57015,200,0.07579302787780762
https://t.me/mariupolnow/8139,200,0.10606551170349121
HIDDEN,Invalid URL 'HIDDEN': No scheme supplied. Perhaps you meant http://HIDDEN?,
https://t.me/truexanewsua/43980,200,0.08504390716552734
https://t.me/kievreal1/20351,200,0.0990135669708252
https://t.me/DNR_SCKK/7910,200,0.07801079750061035
https://twitter.com/s_vakarchuk/status/1520424751583350785,200,0.5145621299743652
https://twitter.com/andreyboss77/status/1520661377530187776,200,0.5216865539550781
https://twitter.com/MrKovalenko/status/1521127807992184833,200,0.5505640506744385
https://t.me/nexta_live/27416,200,0.08824372291564941
https://t.me/nexta_live/27322,200,0.0715780258178711
https://t.me/Pravda_Gerashchenko/16556,200,0.10539007186889648
https://t.me/nexta_live/27429,200,0.07461142539978027
https://t.me/suspilnemykolaiv/9078,200,0.08047199249267578
https://t.me/nexta_live/27592,200,0.13260221481323242
https://t.me/UA_National_Police/3677,200,0.06293725967407227
https://t.me/KharkivPolitics/8701,200,0.0807654857635498
https://twitter.com/GeoConfirmed/status/1523266806420361216,200,0.5317518711090088
https://twitter.com/TpyxaNews/status/1523340588858368000,200,0.5440623760223389
https://t.me/truexanewsua/46115?single,200,0.05615401268005371
HIDDEN,Invalid URL 'HIDDEN': No scheme supplied. Perhaps you meant http://HIDDEN?,
https://t.me/uniannet/53655,200,0.04646563529968262
https://www.facebook.com/don.gp.gov.ua/posts/368969508603068,200,0.42931628227233887
https://twitter.com/MarQs__/status/1523937978074210304,200,0.5039057731628418
https://twitter.com/DGisSERIOUS/status/1524336774394302465,200,0.4897730350494385
https://twitter.com/andreyboss77/status/1524987251016474624,200,0.49131011962890625
https://twitter.com/TheLeadCNN/status/1524525506288398336,200,0.6412756443023682
https://twitter.com/TpyxaNews/status/1523960728797032448,200,0.5921838283538818
https://twitter.com/andreyboss77/status/1525347870882275328,200,0.5436980724334717
https://t.me/mariupolnow/10215,200,0.13625001907348633
https://twitter.com/PelmeniPusha/status/1525101964538830855,200,0.5536239147186279
https://twitter.com/TpyxaNews/status/1525001825858072576,200,0.5374023914337158
https://twitter.com/andreyboss77/status/1525546531394404355,200,0.5503387451171875
https://twitter.com/ua_zinkoviy/status/1525427744523395072,200,0.5532009601593018
https://t.me/romanov_92/14612,200,0.06288456916809082
HIDDEN,Invalid URL 'HIDDEN': No scheme supplied. Perhaps you meant http://HIDDEN?,
https://twitter.com/Osinttechnical/status/1525315281404542977,200,0.612485408782959
https://twitter.com/zolotoybaton/status/1525733176433319937,200,0.5438916683197021
https://twitter.com/GirkinGirkin/status/1525815786924920835?s=20&t=KkifhdlnxOP08rz56S-c2g,200,0.5323200225830078
https://t.me/suspilnemykolaiv/9852,200,0.0629880428314209
https://t.me/suspilnemykolaiv/9824,200,0.08027505874633789
https://t.me/hueviykharkov/60360,200,0.08330726623535156
https://t.me/suspilnenews/11030,200,0.06642031669616699
https://twitter.com/MrOlmos/status/1526623331528626176,200,0.502467155456543
https://t.me/truexanewsua/47271,200,0.04428362846374512
https://twitter.com/andreyboss77/status/1526467390082629632,200,0.5122008323669434
https://twitter.com/Islamicfront1/status/1526474864764370944,200,0.537407398223877
https://twitter.com/bamr69/status/1526817615775244290,200,0.5211071968078613
https://twitter.com/andreyboss77/status/1526252579784638466,200,0.498978853225708
https://www.youtube.com/watch?v=xiZ6X1OSQW8,200,0.13204288482666016
HIDDEN,Invalid URL 'HIDDEN': No scheme supplied. Perhaps you meant http://HIDDEN?,
https://t.me/uniannet/55820,200,0.06287193298339844
https://t.me/truexanewsua/47601,200,0.0707406997680664
https://t.me/uniannet/56085,200,0.07070755958557129
https://twitter.com/GirkinGirkin/status/1528028435637055490,200,0.510566234588623
https://twitter.com/herooftheday10/status/1528323932327231490,200,0.5115549564361572
https://twitter.com/hu_svetlodarsk/status/1528762531493605376,200,0.4932870864868164
https://t.me/dumskaya_net/37695,200,0.04763174057006836
https://twitter.com/NLwartracker/status/1529294049240395776,200,0.5057156085968018
https://twitter.com/TpyxaNews/status/1529848985409691649,200,0.5110611915588379
https://twitter.com/Lyla_lilas/status/1529920924866203654,200,0.5213222503662109
https://t.me/hueviykharkov/61988,200,0.04747605323791504
https://t.me/c/1347456995/48385,200,0.03410935401916504
https://t.me/truexanewsua/48674,200,0.06110119819641113
https://t.me/c/1379461702/31949,200,0.04685521125793457
https://www.facebook.com/Alexandr.kovryga/posts/3228391144094876?__cft__[0]=AZXN8Ha-Ihqr5tZfSO4PDhlr7MF2vIecjk2hjOiYLFbX14XMeWQbxMmPx6tPNGO12kX-QFU7m4rJ9XsgGZPcvrlumJLAJBo9bQg2RXCTI8ScHfjEZ4CgSeZkv6jIbZ5r6-Y&__tn__=%2CO%2CP-R,200,0.3258695602416992
https://www.reddit.com/r/CombatFootage/comments/v20uok/moments_before_and_after_russian_artillery/,200,0.4172194004058838
https://t.me/truexanewsua/48974,200,0.0802297592163086
https://t.me/dsns_telegram/7180,200,0.06592416763305664
https://t.me/novostiniko/18964,200,0.0554203987121582
https://t.me/suspilnemykolaiv/10703,200,0.05848979949951172
HIDDEN,Invalid URL 'HIDDEN': No scheme supplied. Perhaps you meant http://HIDDEN?,
https://twitter.com/nexta_tv/status/1532200368213483521,200,0.522057294845581
https://www.facebook.com/DSNSDon/posts/5173986312687397,200,0.3103454113006592
https://t.me/Novosti_Donbass24/15377,200,0.05617213249206543
HIDDEN,Invalid URL 'HIDDEN': No scheme supplied. Perhaps you meant http://HIDDEN?,
https://twitter.com/hochu_dodomu/status/1532912476123168769,200,0.524146318435669
https://twitter.com/z_swiata/status/1533077290011303940,200,0.5236144065856934
https://twitter.com/falconer_alexis/status/1537431929368084483,200,0.49734020233154297
https://t.me/truexanewsua/49628,200,0.10315537452697754
https://t.me/truexanewsua/49740,200,0.07999277114868164
https://twitter.com/TXlrgA0vCNNaf1G/status/1534077486987890688,200,0.5032298564910889
https://t.me/tpnik/7617,200,0.0691685676574707
https://t.me/uniannet/79112,200,0.07948589324951172
https://t.me/c/1687475640/4162,200,0.04383087158203125
https://twitter.com/GirkinGirkin/status/1534106360383787008,200,0.5403518676757812
HIDDEN,Invalid URL 'HIDDEN': No scheme supplied. Perhaps you meant http://HIDDEN?,
https://twitter.com/ukraine_world/status/1534452093817348097,200,0.5334079265594482
https://twitter.com/spook_info/status/1534513477678661633,200,0.5076248645782471
https://twitter.com/Karla50784956/status/1534082147446816768,200,0.5398433208465576
https://twitter.com/KremlinTrolls/status/1534465352754667525,200,0.49982571601867676
https://t.me/truexanewsua/49949,200,0.10409402847290039
https://t.me/truexanewsua/50033,200,0.09609866142272949
https://twitter.com/GirkinGirkin/status/1535297836090269700,200,0.5120477676391602
https://t.me/mariupolnow/13259,200,0.0634000301361084
HIDDEN,Invalid URL 'HIDDEN': No scheme supplied. Perhaps you meant http://HIDDEN?,
https://twitter.com/KremlinTrolls/status/1535886776312684544,200,0.49862146377563477
https://t.me/truexanewsua/50342,200,0.07905173301696777
https://twitter.com/krasniyliman/status/1536976299541123074,200,0.5101132392883301
https://twitter.com/Osinttechnical/status/1538392644539322368,200,0.5169112682342529
https://t.me/chatugledar/63591,200,0.09119772911071777
https://t.me/RtrDonetsk/6911,200,0.09663987159729004
https://twitter.com/Cosmonaut19/status/1538943878749102080,200,0.5010461807250977
https://twitter.com/Flash43191300/status/1538805406415343616,200,0.5240068435668945
https://www.facebook.com/pavlokyrylenko.donoda/posts/572042937811598,200,0.3825109004974365
https://twitter.com/b_judah/status/1539259909044412416,200,0.5295696258544922
https://t.me/truexanewsua/51598,200,0.0752413272857666
https://t.me/hueviykharkov/65931,200,0.044278860092163086
https://t.me/suspilnemykolaiv/11647,200,0.061480045318603516
https://t.me/suspilnemykolaiv/11630,200,0.06688094139099121
https://t.me/hueviykharkov/67154,200,0.07928919792175293
https://twitter.com/wammezz/status/1539920457570390016?s=20&t=VMXLiZWORpSYROcH35hh2Q,200,0.5220260620117188
https://www.facebook.com/mykprok/posts/pfbid0FjRn7RwuirAjQD4BEkCAAKiyPK7kwm5U1JVeepzQ21miwNMYU3RAtoMrbzWFDfK9l,200,0.38988423347473145
https://t.me/suspilnemykolaiv/11658,200,0.07249283790588379
https://t.me/suspilnemykolaiv/11713,200,0.055260419845581055
https://www.facebook.com/photo/?fbid=574887477527144&set=pcb.574887700860455,200,0.2034614086151123
https://t.me/mariupolrada/10036,200,0.06334042549133301
https://t.me/rivne_1283/5714,200,0.05418658256530762
https://t.me/c/1742924192/9792,200,0.06048274040222168
https://twitter.com/TWMCLtd/status/1540838066503520256,200,0.5457987785339355
HIDDEN,Invalid URL 'HIDDEN': No scheme supplied. Perhaps you meant http://HIDDEN?,
https://twitter.com/DefMon3/status/1541029819458244609,200,0.5927860736846924
https://t.me/u_now/54966,200,0.06366658210754395
https://twitter.com/dilnyarahman/status/1541308667097763840,200,0.49049925804138184
https://t.me/yaa_s_Donbassaa/5744,200,0.0952606201171875
https://t.me/yaa_s_Donbassaa/5804,200,0.03816795349121094
https://twitter.com/AlexKhrebet/status/1541422779551125504,200,0.5033702850341797
https://t.me/hueviykharkov/66838,200,0.07485318183898926
https://t.me/truexanewsua/52245,200,0.12570452690124512
HIDDEN,Invalid URL 'HIDDEN': No scheme supplied. Perhaps you meant http://HIDDEN?,
https://t.me/truexanewsua/52307,200,0.05832171440124512
https://twitter.com/lyolya_ua/status/1541677606453510144,200,0.5339350700378418
https://t.me/yaa_s_Donbassaa/5837,200,0.08308887481689453
https://t.me/truexanewsua/52381,200,0.07588911056518555
https://t.me/yaa_s_Donbassaa/5939,200,0.05075693130493164
https://t.me/hueviykharkov/67200,200,0.055501461029052734
https://t.me/hueviykharkov/67170,200,0.03921008110046387
https://t.me/c/1742924192/10508,200,0.05556225776672363
https://t.me/c/1687475640/6122,200,0.05424141883850098
https://twitter.com/nexta_tv/status/1543710944236380162?s=20&t=ylaOrCX4fBFjRVbYJq4zTA,200,0.5040299892425537
https://twitter.com/IntelCrab/status/1543986262431993858?s=20&t=47IqHw8gtnC2BWo4MXUDpA,200,0.516932487487793
https://t.me/c/1687475640/6447?single,200,0.06807923316955566
HIDDEN,Invalid URL 'HIDDEN': No scheme supplied. Perhaps you meant http://HIDDEN?,
https://t.me/c/1687475640/6633,200,0.13311100006103516
https://t.me/c/1687475640/6666,200,0.06357598304748535
https://twitter.com/maria_avdv/status/1545774346769145858,200,0.5015757083892822
https://twitter.com/zav_raya/status/1546446762117939202,200,0.5512869358062744
https://twitter.com/loogunda/status/1546087798368788481,200,0.5330452919006348
https://twitter.com/maria_avdv/status/1546102252250824705,200,0.526611328125
https://t.me/itsdonetsk/21169,200,0.10861706733703613
https://t.me/novostiniko/21736,200,0.08313107490539551
https://twitter.com/maria_avdv/status/1546482046914248704?s=20&t=oJwhO-oVzf_TxYu2wttAVA,200,0.5177831649780273
https://t.me/c/1687475640/7033,200,0.03311300277709961
https://t.me/c/1742924192/11598,200,0.0387568473815918
https://t.me/c/1687475640/7110,200,0.03467416763305664
https://t.me/c/1742924192/11712,200,0.04638504981994629
https://t.me/itsdonetsk/21428,200,0.061946868896484375
HIDDEN,Invalid URL 'HIDDEN': No scheme supplied. Perhaps you meant http://HIDDEN?,
https://twitter.com/Cosmonaut19/status/1547269654992736256,200,0.5326192378997803
https://twitter.com/DefenceU/status/1547511988288475137,200,0.5230226516723633
https://www.facebook.com/DSNSMYKOL/posts/pfbid02sVZJV6XPESks9rf4JFmtwYiy2ro514WC7mDdqS4m559zYLGGYiV4bGq1Jxk29JGzl,200,0.6467580795288086
https://t.me/truexanewsua/53910,200,0.06720972061157227
https://t.me/c/1687475640/7194,200,0.05415987968444824
https://t.me/novostiniko/22044,200,0.06218600273132324
https://twitter.com/Cosmonaut19/status/1549438953576865793,200,0.506305456161499
https://twitter.com/GirkinGirkin/status/1548024777826193411,200,0.5058681964874268
https://twitter.com/o_smishko/status/1548030459010957313,200,0.525810956954956
https://www.facebook.com/MNS.GOV.UA/posts/pfbid0NH4BECEdm9Hjvo9U6jYMB7jR2LE6CYVeKn2ghFZzJkKyYmznWbNJxaoN3JXczoMol,200,0.3653604984283447
https://twitter.com/SESU_UA/status/1548952963783299073?s=20&t=Le9gg-YV_suUs2H_jbsZ7Q,200,0.5145330429077148
https://twitter.com/TpyxaNews/status/1548943158238666752,200,0.5336713790893555
https://t.me/truexanewsua/54531,200,0.06296253204345703
https://t.me/truexanewsua/54644,200,0.07152342796325684
https://t.me/truexanewsua/54740,200,0.06601262092590332
https://t.me/nexta_live/33167,200,0.06546378135681152
https://t.me/truexanewsua/54751,200,0.08424186706542969
https://t.me/truexanewsua/54839,200,0.09608983993530273
https://t.me/nexta_live/33198,200,0.05057215690612793
https://t.me/hueviykharkov/70507,200,0.06100344657897949
https://t.me/uniannet/65224,200,0.045859575271606445
https://twitter.com/Reevellp/status/1550767216567648257?s=20&t=NysXxpK6diK_ZbHN4iNbOQ,200,0.5063033103942871
https://twitter.com/AricToler/status/1550936296926969856?s=20&t=UK-4XrSBgp1gBHV2vMwkXA,200,0.4987678527832031
https://twitter.com/GirkinGirkin/status/1551121024510558210,200,0.5326352119445801
https://t.me/itsdonetsk/23039,200,0.07965946197509766
https://t.me/milchronicles/931,200,0.054146766662597656
https://t.me/rivne_1283/6712,200,0.045310020446777344
https://t.me/mig41/19463,200,0.07407927513122559
https://twitter.com/GirkinGirkin/status/1552180574579826689,200,0.5080351829528809
https://t.me/novostiniko/23127,200,0.07980680465698242
https://t.me/novostiniko/23117?single,200,0.06341838836669922
https://t.me/truexanewsua/55485,200,0.056822776794433594
https://t.me/truexanewsua/55475,200,0.13186192512512207
https://t.me/uniannet/66126,200,0.07062959671020508
https://t.me/RtrDonetsk/8005,200,0.056638240814208984
https://t.me/hueviykharkov/71615,200,0.08171963691711426
https://t.me/c/1687475640/8187,200,0.0469355583190918
https://t.me/huyovy_kharkiv/71632,200,0.05115818977355957
https://t.me/slv_vca/3004,200,0.06406593322753906
HIDDEN,Invalid URL 'HIDDEN': No scheme supplied. Perhaps you meant http://HIDDEN?,
https://twitter.com/leonidragozin/status/1553691122563694595?s=20&t=f-7qVL-2c_-fjMj2coGaUg,200,0.5032391548156738
https://twitter.com/yatamodin/status/1554071427216809988,200,0.5197348594665527
https://t.me/suspilnekherson/14736?single,200,0.07725858688354492
https://t.me/u_now/61221,200,0.0505368709564209
https://t.me/itsdonetsk/24302,200,0.07073020935058594
HIDDEN,Invalid URL 'HIDDEN': No scheme supplied. Perhaps you meant http://HIDDEN?,
https://t.me/itsdonetsk/24324,200,0.0901486873626709
https://t.me/itsdonetsk/24344,200,0.060594797134399414
https://t.me/novostiniko/23784?single,200,0.048467397689819336
https://t.me/truexanewsua/56185,200,0.07560896873474121
https://twitter.com/GlasnostGone/status/1554729295087636486?s=20&t=znIE5NbYOvxA9cK01FyxSA,200,0.5249109268188477
https://twitter.com/GicAriana/status/1554703514324140032?s=20&t=u9zPGurkKXfW_HBA_FxxmQ,200,0.5224545001983643
https://www.facebook.com/pavlokyrylenko.donoda/posts/pfbid037Ftr6iGXSiknoeaETfpSKDmwdpr8LPsoYKppNTLr15c7D6ex5XE6cUnCQMd4BD6Rl,200,0.2572338581085205
https://t.me/hueviykharkov/72517,200,0.053000450134277344
https://t.me/truexanewsua/56108,200,0.06053590774536133
https://t.me/nexta_live/34064,200,0.07177352905273438
https://t.me/nexta_live/34057,200,0.07518386840820312
HIDDEN,Invalid URL 'HIDDEN': No scheme supplied. Perhaps you meant http://HIDDEN?,
https://t.me/c/1006836030/52825,200,0.0632929801940918
https://t.me/c/1006836030/52826,200,0.05942797660827637
HIDDEN,Invalid URL 'HIDDEN': No scheme supplied. Perhaps you meant http://HIDDEN?,
https://t.me/c/1006836030/52924,200,0.04854226112365723
HIDDEN,Invalid URL 'HIDDEN': No scheme supplied. Perhaps you meant http://HIDDEN?,
HIDDEN,Invalid URL 'HIDDEN': No scheme supplied. Perhaps you meant http://HIDDEN?,
https://t.me/h_saltovka/54872,200,0.04575610160827637
https://twitter.com/KyleJGlen/status/1555510355123740672?s=20&t=OjT6XDOS5_GWoRXzujWTBw,200,0.5055327415466309
https://t.me/zvezdanews/88346,200,0.060497283935546875
https://t.me/uniannet/67533,200,0.07360196113586426
https://t.me/c/1742924192/14426,200,0.06011009216308594
https://t.me/itsdonetsk/25425?single,200,0.09294772148132324
https://t.me/uniannet/67660,200,0.06656718254089355
https://twitter.com/200_zoka/status/1557472654063554561,200,0.5062808990478516
https://t.me/truexanewsua/56827,200,0.08199071884155273
https://t.me/uniannet/67781,200,0.059114933013916016
https://t.me/hueviykharkov/73726,200,0.05360674858093262
https://t.me/zvezdanews/88853,200,0.05200600624084473
https://t.me/nexta_live/34503,200,0.06254434585571289
https://t.me/insiderUKR/38751,200,0.058821916580200195
https://twitter.com/deunachrichten/status/1559171933736173568?s=21&t=vbPHxNGjOJ5-_XJxMCSLuw,200,0.5419294834136963
https://twitter.com/TWMCLtd/status/1558807035889721346,200,0.5488185882568359
https://t.me/milinfolive/88700,200,0.0872812271118164
https://twitter.com/Liveuamap/status/1516874165617364992,200,0.4981820583343506
https://t.me/truexanewsua/57341,200,0.07914900779724121
https://t.me/truexanewsua/57300,200,0.05033159255981445
https://t.me/kulemzin_donetsk/7263,200,0.0515744686126709
https://t.me/suspilnemykolaiv/14017,200,0.06837749481201172
https://twitter.com/ChristopherJM/status/1560198822269263872?s=20&t=nNLnZNz8kXLGMZA2ggfRug,200,0.5231330394744873
https://t.me/hueviykharkov/75039,200,0.09183883666992188
https://twitter.com/Donbasslife1/status/1561804719139557377?s=20&t=icpLuUV92LrXvPemotTxqA,200,0.5107970237731934
https://twitter.com/alex_bezfam/status/1562013875352092673,200,0.5004792213439941
https://t.me/UA_struggle/1924,200,0.07561850547790527
https://t.me/itsdonetsk/27372,200,0.12340712547302246
https://t.me/mariupol/9391,200,0.06891918182373047
https://t.me/a_shtirlitz/20545,200,0.06647753715515137
https://t.me/uniannet/69779,200,0.06621217727661133
https://t.me/vekha/47163,200,0.07143521308898926
https://t.me/vekha/47204,200,0.08554911613464355
https://t.me/vekha/47205,200,0.08574509620666504
https://t.me/vekha/47187,200,0.0996389389038086
https://t.me/bolshiepushki/2240,200,0.05368781089782715
https://t.me/c/1172830166/41915,200,0.04998517036437988
https://t.me/UA_struggle/1952,200,0.10503339767456055
https://t.me/vekha/47290,200,0.07500910758972168
https://t.me/vekha/47283,200,0.07323837280273438
https://t.me/nexta_live/35552,200,0.10372042655944824
HIDDEN,Invalid URL 'HIDDEN': No scheme supplied. Perhaps you meant http://HIDDEN?,
https://t.me/hueviykharkov/77028,200,0.04886484146118164
https://t.me/prokuratura_kharkiv/5690,200,0.08222293853759766
https://t.me/hyevuy_dnepr/35284,200,0.06930208206176758
https://t.me/hueviykharkov/77513,200,0.05951642990112305
https://t.me/senkevichonline/2369,200,0.042772769927978516
https://t.me/trkmart/12506,200,0.08371806144714355
https://twitter.com/irmachep/status/1567055720738086912,200,0.5099062919616699
HIDDEN,Invalid URL 'HIDDEN': No scheme supplied. Perhaps you meant http://HIDDEN?,
https://t.me/c/1180412334/19131,200,0.16318631172180176
https://t.me/itsdonetsk/29454,200,0.09561920166015625
https://t.me/c/1180412334/19140,200,0.044167518615722656
https://twitter.com/GeoConfirmed/status/1574371261156925441,200,0.5132980346679688
https://t.me/hyevuy_dnepr/35889,200,0.07904553413391113
https://t.me/c/1759230769/7404,200,0.04676342010498047
https://t.me/voynareal/34363,200,0.0705864429473877
https://twitter.com/TpyxaNews/status/1569343550374187008,200,0.5085625648498535
https://t.me/FastFocus/31473,200,0.056520700454711914
https://twitter.com/yrmm240/status/1569389849068670976?s=20&t=wNskDPiY6Nr4il34K8_j4g,200,0.5189857482910156
https://t.me/nexta_live/36443,200,0.06860661506652832
https://twitter.com/Nadin0127realti/status/1570110666048180224,200,0.5308747291564941
https://t.me/hueviykharkov/79415,200,0.05869293212890625
https://twitter.com/JohnB_Schneider/status/1570062788055412738,200,0.5164229869842529
HIDDEN,Invalid URL 'HIDDEN': No scheme supplied. Perhaps you meant http://HIDDEN?,
https://twitter.com/KyleJGlen/status/1570698552011288578,200,0.5472748279571533
https://twitter.com/christogrozev/status/1570701478721093633,200,0.49950218200683594
https://t.me/bahmutnews/12345,200,0.07514381408691406
https://twitter.com/Osinttechnical/status/1571744180300353543,200,0.4938638210296631
https://twitter.com/DefenceU/status/1571769706381467648?s=20&t=c-OIUI6rqeTGro1Sh5Vgvg,200,0.5330760478973389
HIDDEN,Invalid URL 'HIDDEN': No scheme supplied. Perhaps you meant http://HIDDEN?,
https://t.me/hueviykharkov/80097,200,0.04268217086791992
https://t.me/vekha/48929,200,0.05838203430175781
https://twitter.com/grishchukroma/status/1572084236324327424,200,0.5017154216766357
https://twitter.com/OlenaHalushka/status/1572532935131279364?s=20&t=UC1Afjf-vr_cIo3tNtivdA,200,0.5205941200256348
https://t.me/truexanewsua/60937,200,0.0745229721069336
https://twitter.com/Militarylandnet/status/1573294826178871297,200,0.5213794708251953
HIDDEN,Invalid URL 'HIDDEN': No scheme supplied. Perhaps you meant http://HIDDEN?,
https://twitter.com/GirkinGirkin/status/1573927393701629952?s=20&t=cvrOAektRjGdrXMnT7ODqg,200,0.5162372589111328
https://t.me/voynareal/36050,200,0.08734273910522461
https://t.me/hueviykharkov/81332,200,0.05759549140930176
https://twitter.com/hochu_dodomu/status/1574434169471606785,200,0.5039043426513672
https://t.me/truexanewsua/61231,200,0.08151698112487793
https://t.me/voynareal/36271,200,0.07128524780273438
https://t.me/voynareal/36258,200,0.08844518661499023
https://twitter.com/GeoConfirmed/status/1574875254379388930,200,0.5090687274932861
https://t.me/info_zp/16821,200,0.09809350967407227
https://t.me/Pravda_Gerashchenko/44412,200,0.06017875671386719
https://t.me/hueviykharkov/81709,200,0.04520845413208008
https://t.me/suspilnemykolaiv/15998,200,0.0646970272064209
https://t.me/uniannet/73964,200,0.05228471755981445
https://t.me/xc_kharkiv/60259,200,0.037976980209350586
https://youtu.be/VxvWisjVWwk,200,0.7539496421813965
https://twitter.com/FedorovMykhailo/status/1575738732044775424,200,0.5335352420806885
https://t.me/truexanewsua/61648,200,0.0747222900390625
https://t.me/hyevuy_dnepr/37868,200,0.06884551048278809
https://t.me/hyevuy_dnepr/37964,200,0.06598258018493652
https://t.me/truexanewsua/61784,200,0.08123922348022461
https://twitter.com/GirkinGirkin/status/1576874443518791680,200,0.5343971252441406
https://t.me/opoveshenie/46793,200,0.08265542984008789
https://t.me/vekha/50158?single,200,0.08315181732177734
https://t.me/notes_veterans/5425,200,0.056134939193725586
https://t.me/Pravda_Gerashchenko/45335,200,0.08646821975708008
https://t.me/hueviyherson/26962,200,0.06891345977783203
https://twitter.com/hochu_dodomu/status/1577623177773072384,200,0.5039365291595459
https://t.me/hueviykharkov/82750,200,0.08403491973876953
https://twitter.com/With__Ukraine/status/1577725542312415241,200,0.5425758361816406
https://twitter.com/KyivIndependent/status/1577921453848248320,200,0.5074183940887451
https://t.me/xc_kharkiv/60847,200,0.08198165893554688
https://twitter.com/TpyxaNews/status/1578262301458989056,200,0.5265264511108398
https://t.me/hueviykharkov/83109,200,0.0749969482421875
https://t.me/nm_dnr/9181,200,0.043518781661987305
https://twitter.com/tinso_ww/status/1579374197163593728,200,0.48955535888671875
https://twitter.com/EuroMaydan/status/1579375753292288000,200,0.5036966800689697
https://twitter.com/ArmanSoldin/status/1579354844951121922,200,0.5405454635620117
https://twitter.com/EerikNKross/status/1579377366933000192,200,0.5198421478271484
https://twitter.com/SarahAshtonLV/status/1579364568757047299,200,0.5373637676239014
https://twitter.com/tinso_ww/status/1579361483120857088,200,0.5232939720153809
https://twitter.com/InsiderEng/status/1579359255609892865,200,0.5525989532470703
https://twitter.com/christogrozev/status/1579431549648646144?s=20&t=heEFzGvGJojCNu_Y2LwiQA,200,0.5353055000305176
https://twitter.com/EmineDzheppar/status/1579369629113520128?s=20&t=yN5Rzo2XmWJ-vw3GHK3zfg,200,0.5185644626617432
https://twitter.com/OstapYarysh/status/1579539166744182784?s=20&t=B9EcLXLcy1HlKR_cJH_1cQ,200,0.5204648971557617
https://t.me/c/1210003725/25224,200,0.07517647743225098
https://t.me/Pravda_Gerashchenko/46424,200,0.05193591117858887
https://t.me/info_zp/18236,200,0.10901856422424316
https://twitter.com/TrueDonbass/status/1580161876935446529?s=20&t=8P4qCWLkUO4Gx96AbnQDuQ,200,0.5026524066925049
https://t.me/uniannet/76014,200,0.0748300552368164
https://t.me/hueviykharkov/83945,200,0.04182600975036621
https://mobile.twitter.com/mdfzeh/status/1581013148769083392,200,0.5896565914154053
https://twitter.com/COUPSURE/status/1581898167129296896,200,0.5312643051147461
https://twitter.com/EuromaidanPress/status/1581964809062391808?s=20&t=SxrOMTLeCIJ40Go4S_Rr0A,200,0.5196716785430908
https://twitter.com/COUPSURE/status/1581898167129296896,200,0.5439043045043945
HIDDEN,Invalid URL 'HIDDEN': No scheme supplied. Perhaps you meant http://HIDDEN?,
https://t.me/Pravda_Gerashchenko/47538,200,0.09454536437988281
https://t.me/Pravda_Gerashchenko/47693,200,0.05693769454956055
https://t.me/hueviykharkov/84713,200,0.06681585311889648
HIDDEN,Invalid URL 'HIDDEN': No scheme supplied. Perhaps you meant http://HIDDEN?,
https://t.me/info_zp/19040,200,0.09250140190124512
https://t.me/rivne_1283/9473,200,0.044209957122802734
https://t.me/info_zp/19336,200,0.0475618839263916
https://t.me/hyevuy_dnepr/39964,200,0.04317021369934082
https://t.me/truexanewsua/63630,200,0.04831123352050781
https://t.me/c/1675223124/2099,200,0.04775810241699219
HIDDEN,Invalid URL 'HIDDEN': No scheme supplied. Perhaps you meant http://HIDDEN?,
https://twitter.com/revishvilig/status/1586979566622580736,200,0.5134727954864502
https://twitter.com/GeoConfirmed/status/1587005317807853569?s=20&t=It-Y-MnKf2Cv4bFqm5F5-w,200,0.41593217849731445
https://t.me/vorposte/29806,200,0.10352611541748047
https://twitter.com/Chronology22/status/1586986413559513088?t=syLboEkMik8JtI-57Rakgg&s=19,200,0.507957935333252
https://t.me/suspilnemykolaiv/17691?single,200,0.08108377456665039
https://t.me/supernova_plus/13899,200,0.061998844146728516
https://t.me/nexta_live/40001,200,0.060170650482177734
https://t.me/hueviykharkov/86623,200,0.0377504825592041
https://twitter.com/JayinKyiv/status/1588131951822643200?s=20&t=3lWC2a_VH4xJcsxOL9CKyw,200,0.5245709419250488
https://twitter.com/janelytv/status/1588111276294647808?s=46&t=GwopowsYdw2WBF2oQ3kEfw,200,0.5171501636505127
https://t.me/Donbas_Operativniy/14506,200,0.07030153274536133
https://t.me/hyevuy_dnepr/40991?single,200,0.05376172065734863
https://t.me/u_now/74326,200,0.07305359840393066
HIDDEN,Invalid URL 'HIDDEN': No scheme supplied. Perhaps you meant http://HIDDEN?,
https://twitter.com/IuliiaMendel/status/1590831405130403840,200,0.5224828720092773
https://t.me/Pravda_Gerashchenko/51515,200,0.09481954574584961
https://t.me/nvua_official/35921,200,0.06301259994506836
https://twitter.com/markito0171/status/1592826299906543616?s=20&t=1HitBg-BEKIwGgjT9cHFVw,200,0.5255599021911621
https://twitter.com/markito0171/status/1592855519102136329?s=20&t=Hwma_nWNrngmx7a0Pz74zw,200,0.5374126434326172
https://t.me/itsdonetsk/40391,200,0.08950161933898926
https://t.me/trkmart/15326,200,0.09450125694274902
HIDDEN,Invalid URL 'HIDDEN': No scheme supplied. Perhaps you meant http://HIDDEN?,
https://t.me/info_zp/21599?single,200,0.05273795127868652
https://twitter.com/666_mancer/status/1594260006446460929,200,0.4941549301147461
https://twitter.com/IPHRosint/status/1604069474793127936,200,0.4974026679992676
https://t.me/FastFocus/37655,200,0.09480929374694824
https://t.me/synegubov/4832,200,0.060105085372924805
https://t.me/c/1210003725/27408,200,0.04338860511779785
https://t.me/c/1379461702/46627,200,0.039107561111450195
https://t.me/oko_original/30923,200,0.05988287925720215
https://t.me/c/1675223124/3737,200,0.060881614685058594
https://t.me/hueviyherson/29908,200,0.045128822326660156
HIDDEN,Invalid URL 'HIDDEN': No scheme supplied. Perhaps you meant http://HIDDEN?,
https://t.me/nexta_live/41980,200,0.04051041603088379
https://t.me/hueviyherson/30132,200,0.05200362205505371
https://t.me/RtrDonetsk/12648,200,0.05750727653503418
https://t.me/prokuratura_kharkiv/6956,200,0.06949043273925781
https://t.me/hueviyherson/30372,200,0.06678056716918945
https://t.me/RtrDonetsk/12794,200,0.06700611114501953
https://t.me/truexanewsua/65984,200,0.06799960136413574
https://t.me/kazansky2017/4871,200,0.06802606582641602
https://t.me/hueviyherson/30460,200,0.046712398529052734
https://t.me/truexanewsua/66043,200,0.0728905200958252
https://t.me/supernova_plus/15443,200,0.08315205574035645
https://t.me/c/1347456995/66237,200,0.05438494682312012
https://t.me/WarDonbass/89827,200,0.05177593231201172
HIDDEN,Invalid URL 'HIDDEN': No scheme supplied. Perhaps you meant http://HIDDEN?,
https://t.me/oko_original/32245,200,0.06581735610961914
https://twitter.com/grntmedia/status/1602988093568651264,200,0.4969956874847412
https://t.me/supernova_plus/15626,200,0.045327186584472656
https://t.me/hueviyherson/30983,200,0.06922078132629395
https://t.me/hueviyherson/31023,200,0.04158616065979004
https://t.me/uniannet/83508,200,0.04816412925720215
https://t.me/fediienko_oleksandr/1643,200,0.052345991134643555
https://t.me/tymoshenko_kyrylo/3105,200,0.07287859916687012
https://t.me/c/1210003725/28516,200,0.05607199668884277
https://t.me/h_saltovka/67097,200,0.05315732955932617
https://t.me/supernova_plus/15816,200,0.06715679168701172
https://t.me/hueviyherson/31406,200,0.053704261779785156
https://t.me/hueviyherson/31439,200,0.043904781341552734
https://t.me/hueviyherson/31476,200,0.041008710861206055
https://t.me/hueviyherson/31437,200,0.061982154846191406
https://twitter.com/Tendar/status/1606406179604897798,200,0.49555087089538574
https://t.me/hueviyherson/31624,200,0.06849098205566406
https://t.me/supernova_plus/15923,200,0.04562544822692871
https://t.me/c/1210003725/28970,200,0.053877830505371094
https://t.me/c/1210003725/28954,200,0.06563520431518555
https://twitter.com/igornovikov/status/1609181624612294656,200,0.49790477752685547
https://twitter.com/yurasov_vitaliy/status/1609189750514274308,200,0.4852569103240967
https://twitter.com/AndriiTarieiev/status/1609226980968259585,200,0.5335195064544678
https://t.me/c/1210003725/29194,200,0.056128740310668945
https://t.me/khersonskaODA/2852,200,0.06479525566101074
https://t.me/suspilnemykolaiv/20418,200,0.057724952697753906
https://t.me/hueviyherson/32244,200,0.05751991271972656
https://t.me/FastFocus/40351,200,0.05002117156982422
https://youtu.be/rs8ParqgVUI,200,0.6759548187255859
https://t.me/info_zp/25387,200,0.06247210502624512
https://www.instagram.com/p/CnCFSUJovIO/?igshid=YmMyMTA2M2Y=,200,0.4146397113800049
https://twitter.com/zoi76976899/status/1610972324274266112,200,0.5133945941925049
https://twitter.com/nexta_tv/status/1611324961590837248,200,0.5076761245727539
HIDDEN,Invalid URL 'HIDDEN': No scheme supplied. Perhaps you meant http://HIDDEN?,
https://t.me/hueviyherson/32606,200,0.04495429992675781
https://t.me/huyovy_kharkiv/95239,200,0.06276893615722656
https://t.me/uniannet/86133,200,0.06128883361816406
https://t.me/c/1379461702/48676,200,0.07716178894042969
https://twitter.com/NOELreports/status/1614262799365980161,200,0.4967057704925537
https://t.me/c/1379461702/48798,200,0.06102943420410156
https://t.me/voenkorKotenok/44438,200,0.06645679473876953
https://twitter.com/maksymeristavi/status/1614265299150274563,200,0.5077595710754395
https://twitter.com/JayinKyiv/status/1614199670959480833,200,0.5092062950134277
https://twitter.com/RedCrossUkraine/status/1614683127506472960,200,0.5377886295318604
https://twitter.com/maksymeristavi/status/1614899186540986368,200,0.5412940979003906
https://t.me/c/1523809255/1605,200,0.08634662628173828
https://t.me/prokuratura_kharkiv/7520,200,0.06245565414428711
https://twitter.com/hochu_dodomu/status/1615367174859943937,200,0.5005791187286377
https://t.me/h_saltovka/69758,200,0.04749894142150879
https://t.me/pgo_gov_ua/8897,200,0.07784605026245117
https://t.me/supernova_plus/16795,200,0.06179165840148926
https://twitter.com/KyivIndependent/status/1617540836132098053,200,0.5026462078094482
https://t.me/huyovy_kharkiv/96932,200,0.0750725269317627
https://t.me/huyovy_kharkiv/97031,200,0.06389236450195312
https://t.me/h_saltovka/70203,200,0.0820620059967041
https://t.me/hueviyherson/33582,200,0.05875539779663086
https://t.me/hueviyherson/33585,200,0.05810236930847168
https://t.me/hueviyherson/33600,200,0.0493316650390625
https://t.me/hueviyherson/33587,200,0.06392502784729004
https://t.me/hueviyherson/33642,200,0.060346364974975586
https://t.me/a_shtirlitz/24032,200,0.07274293899536133
HIDDEN,Invalid URL 'HIDDEN': No scheme supplied. Perhaps you meant http://HIDDEN?,
https://t.me/hueviyherson/33680,200,0.07231855392456055
https://t.me/supernova_plus/17006,200,0.05952739715576172
https://t.me/hueviyherson/33856,200,0.05923628807067871
https://t.me/truexakharkiv/23414,200,0.08218789100646973
https://t.me/hueviyherson/33866,200,0.05581402778625488
https://twitter.com/NOELreports/status/1619996889348444162,200,0.5764069557189941
https://t.me/vekha/58236,200,0.09604954719543457
https://t.me/hueviyherson/33938,200,0.05956101417541504
https://twitter.com/GlasnostGone/status/1621141270805770246,200,0.5221288204193115
https://t.me/hueviyherson/34096,200,0.06921243667602539
https://t.me/uniannet/89782,200,0.05268120765686035
https://t.me/uniannet/88455,200,0.07860040664672852
https://t.me/h_saltovka/71204,200,0.06957483291625977
https://t.me/khersonskaODA/3540,200,0.0454709529876709
https://t.me/h_saltovka/71341,200,0.07864499092102051
https://t.me/huyovy_kharkiv/99157,200,0.04703092575073242
https://t.me/huyovy_kharkiv/99325,200,0.04859018325805664
https://t.me/hueviyherson/34684,200,0.11895322799682617
https://t.me/pavlokyrylenko_donoda/6724,200,0.041741132736206055
https://t.me/huyovy_kharkiv/99657,200,0.05657029151916504
https://t.me/huyovy_kharkiv/99943,200,0.09739494323730469
https://t.me/hueviyherson/34919?single,200,0.06729316711425781
https://t.me/rivne_1283/13728,200,0.0656745433807373
https://t.me/hueviyherson/35049,200,0.0405120849609375
https://t.me/c/1176255022/10214,200,0.07864117622375488
https://t.me/c/1468918019/9001,200,0.07728338241577148
https://t.me/c/1468918019/9005,200,0.060300588607788086
https://t.me/synegubov/5593,200,0.07847237586975098
https://t.me/h_saltovka/72846,200,0.06771254539489746
https://twitter.com/Osinttechnical/status/1629002189254402050,200,0.5068042278289795
https://t.me/pavlokyrylenko_donoda/6879,200,0.06194663047790527
https://t.me/c/1176255022/10455,200,0.05398440361022949
https://t.me/hueviyherson/35584,200,0.0495152473449707
https://t.me/pavlokyrylenko_donoda/6901?single,200,0.06515359878540039
https://t.me/huyovy_kharkiv/101270,200,0.13680076599121094
https://t.me/c/1523809255/2381,200,0.04668068885803223
https://t.me/huyovy_kharkiv/101567,200,0.07854652404785156
https://t.me/pavlokyrylenko_donoda/6922,200,0.05227184295654297
https://t.me/tgsn_ua/55839,200,0.06936287879943848
https://t.me/hueviyherson/35725,200,0.05109071731567383
https://t.me/pavlokyrylenko_donoda/7325,200,0.06564712524414062
https://t.me/huyovy_kharkiv/101943,200,0.04941439628601074
https://t.me/huyovy_kharkiv/102015,200,0.05278205871582031
https://t.me/h_saltovka/73744,200,0.07332563400268555
https://t.me/hueviyherson/36071,200,0.05363035202026367
https://t.me/c/1210003725/32318,200,0.035941123962402344
HIDDEN,Invalid URL 'HIDDEN': No scheme supplied. Perhaps you meant http://HIDDEN?,
https://t.me/kellerfm/8570,200,0.045134782791137695
https://t.me/hueviyherson/36200,200,0.04765033721923828
https://t.me/info_zp/30599?single,200,0.043836355209350586
https://t.me/hueviyherson/36256?single,200,0.04515528678894043
https://twitter.com/nexta_tv/status/1635246944334544896,200,0.5189590454101562
https://t.me/hyevuy_dnepr/48121,200,0.07112407684326172
https://t.me/tpkr1775/20252,200,0.06027030944824219
https://t.me/kharkivlife/58209,200,0.07005906105041504
https://twitter.com/ukrpravda_news/status/1635607664997830656,200,0.5058012008666992
https://t.me/kharkivlife/58265,200,0.05579209327697754
https://t.me/kharkivlife/58298,200,0.06813621520996094
https://t.me/hueviyherson/36521,200,0.0740659236907959
https://twitter.com/tvtoront/status/1637030169767563265,200,0.5202391147613525
https://t.me/pavlokyrylenko_donoda/7150?single,200,0.06356143951416016
https://t.me/odesacityofficial/15803,200,0.05260109901428223
https://t.me/CodeAntipova/22941,200,0.049387216567993164
https://t.me/nexta_live/48869,200,0.05761146545410156
https://t.me/huyovy_kharkiv/104043,200,0.07738256454467773
https://t.me/uniannet/93362,200,0.07513022422790527
https://twitter.com/den_kazansky/status/1639869322691575809,200,0.5055336952209473
https://t.me/hueviyherson/37082,200,0.09401679039001465
HIDDEN,Invalid URL 'HIDDEN': No scheme supplied. Perhaps you meant http://HIDDEN?,
https://t.me/pavlokyrylenko_donoda/7269,200,0.04555559158325195
https://twitter.com/maria_avdv/status/1640306844466855936,200,0.5424509048461914
https://t.me/hueviyherson/37156,200,0.07521462440490723
https://t.me/hueviyherson/37150,200,0.06260108947753906
https://t.me/h_saltovka/74788,200,0.07119250297546387
https://t.me/h_saltovka/74816,200,0.04548192024230957
https://t.me/ssternenko/14664,200,0.06220364570617676
https://t.me/hueviyherson/37450,200,0.06138443946838379
https://t.me/c/1468918019/10035,200,0.0355532169342041
https://t.me/suspilnezaporizhzhya/11863,200,0.0543515682220459
https://t.me/khersonskaODA/4984,200,0.038124799728393555
https://t.me/khersonskaODA/5005,200,0.06235766410827637
https://t.me/c/1468918019/10194,200,0.05592775344848633
https://t.me/huyovy_kharkiv/106171,200,0.07560873031616211
https://t.me/hueviyherson/38025,200,0.05160856246948242
https://t.me/Doninside/18435,200,0.06682515144348145
